﻿Fecha,Hora,Nombre,Calorias (kcal),Carbohidratos (g),Lípidos (g),Proteína (g),Sodio (mg)
31/08/2020,01:20:00 p. m.,Bistec de Res,135,0,4.62,21.91,57
,,Jamónn de Pierna Real(San Rafael),26,1,0.7,4,218
01/09/2020,09:40:00 a. m.,Jamón de Pavo (Cocido),382,3.1,27.9,29.6,2285
,,Tortillas de Maiz,52,10.71,0.68,1.37,11
,,Sopes,87,18.29,0.91,2.24,87
02/09/2020,08:00:00 a. m.,"Costillas de Res (Bordes Cortados con 0,3 Cm de Grasa)",254,0,19.06,19.33,49
,,Muslos de Pollo (Asados o Cocidos),109,0,5.66,13.49,46
,12:00:00 p. m.,Huevo Revuelto,199,1.96,15.21,13.01,211
,,Arroz Blanco,204,44.08,0.44,4.2,577
03/09/2020,08:00:00 a. m.,Frijoles Bayos Refritos(La Sierra),120,12.4,6,5,501
,,Aguacate,322,17.15,29.47,4.02,14
,,Sopa de Lentejas(Knorr),75,13.7,1.3,2.2,833
,,Tortilla de maiz,23,4.78,0.3,0.61,5
,,Papa Cocida,80,18.22,0.11,2.16,173
,,Mollete,220,44.13,1.42,6.84,15
,,Queso Panela,258,1.59,20.7,16.4,621
,,Caldo de Pollo,12,1.51,0.29,0.95,792
,,Frijoles Cocidos,382,54.12,13.03,14.02,1068
,,Sandwich,252,27.29,12.08,8.09,579
,,"Maruchan con Camarón, Limón y Habanero(Maruchan)",276,37,11,7.2,1160
,,Torta de Jamón,457,65.51,13.64,17.38,1346
,,Frijoles Cocidos con Carne de Cerdo (Enlatados),268,50.55,3.92,13.13,1047
,,Squirt(Pepsi),40,10,0,0,27
,,Guiso de Lentejas,380,56.09,9.83,21.38,868
,,Pechuga de Pollo,195,0,7.72,29.55,393
,,Sopa de Lentejas,186,26.61,4.59,10.42,625
,,Sopa de Letras(La Moderna),173,35,1,6,2
,,Rebanadas de Jamón,34,0.48,1.76,3.83,268
,,Palomitas de Maiz,31,6.22,0.36,1.04,1
,,Plátano,105,26.95,0.39,1.29,1
,,"Maruchan con Camarón, Limón y Habanero(Maruchan)",276,37,11,7.2,1160
,,Tortillas de Maiz,52,10.71,0.68,1.37,11
,,Caldo de Pollo,12,1.51,0.29,0.95,792
,,Frijoles Cocidos con Carne de Cerdo (Enlatados),268,50.55,3.92,13.13,1047
,,Tortillas de Maiz,52,10.71,0.68,1.37,11
,,Sopa de Lentejas,186,26.61,4.59,10.42,625
,,Palomitas de Maiz,31,6.22,0.36,1.04,1
,,Papa Cocida,80,18.22,0.11,2.16,173
,,Tortillas de Maiz,52,10.71,0.68,1.37,11
,,Torta de Jamón,457,65.51,13.64,17.38,1346